run_tag,epoch,params_m,latency_ms,avg_psnr,avg_ssim,batch_size,height,width,seed
B+W,0,1.5007,57.74,19.5993,0.9926,1,256,384,123
B+W,1,1.5007,57.74,20.3008,0.9913,1,256,384,123
B+W,2,1.5007,57.74,20.4755,0.9936,1,256,384,123
B0_rank,0,2.5302,70.96,19.3456,0.9911,1,256,384,123
B+W_rank,0,1.5007,163.63,19.1067,0.9917,1,256,384,123
B+W_rank,1,1.5007,163.63,20.3156,0.9912,1,256,384,123
B0_rank,1,2.5302,70.96,20.5227,0.9926,1,256,384,123
B+E_rank,0,2.3122,67.41,19.6247,0.9922,1,256,384,123
B+W_rank,2,1.5007,163.63,20.6008,0.9932,1,256,384,123
B+SE_rank,0,2.4644,70.68,19.3653,0.9913,1,256,384,123
B+E_rank,1,2.3122,67.41,19.7632,0.9916,1,256,384,123
B+E_rank,2,2.3122,67.41,19.8555,0.9914,1,256,384,123
B+SE_rank,1,2.4644,70.68,20.5199,0.9933,1,256,384,123
B0_rank,2,2.5302,70.96,20.3219,0.9924,1,256,384,123
B+E_rank,3,2.3122,67.41,20.1332,0.9920,1,256,384,123
B+SE_rank,2,2.4644,70.68,19.1048,0.9914,1,256,384,123
B+E_rank,4,2.3122,67.41,19.3486,0.9897,1,256,384,123
B+SE_rank,3,2.4644,70.68,19.1664,0.9915,1,256,384,123
B+E_rank,5,2.3122,67.41,21.1039,0.9931,1,256,384,123
B+W_rank,3,1.5007,163.63,19.2562,0.9894,1,256,384,123
B+SE_rank,4,2.4644,70.68,20.5469,0.9934,1,256,384,123
B+E_rank,6,2.3122,67.41,21.1197,0.9935,1,256,384,123
B+SE_rank,5,2.4644,70.68,20.8136,0.9938,1,256,384,123
B+E_rank,7,2.3122,67.41,20.3088,0.9930,1,256,384,123
B+SE_rank,6,2.4644,70.68,20.1257,0.9924,1,256,384,123
B+E_rank,8,2.3122,67.41,21.0948,0.9942,1,256,384,123
B+SE_rank,7,2.4644,70.68,20.6056,0.9935,1,256,384,123
B0_rank,3,2.5302,70.96,20.6556,0.9929,1,256,384,123
B+E_rank,9,2.3122,67.41,21.2806,0.9943,1,256,384,123
B+SE_rank,8,2.4644,70.68,21.2111,0.9943,1,256,384,123
B+W_rank,4,1.5007,163.63,20.2156,0.9935,1,256,384,123
B+E_rank,10,2.3122,67.41,21.4949,0.9938,1,256,384,123
B+SE_rank,9,2.4644,70.68,20.9781,0.9939,1,256,384,123
B+E_rank,11,2.3122,67.41,20.5058,0.9918,1,256,384,123
B+SE_rank,10,2.4644,70.68,21.3267,0.9939,1,256,384,123
B+E_rank,12,2.3122,67.41,21.3599,0.9943,1,256,384,123
B+SE_rank,11,2.4644,70.68,21.1592,0.9946,1,256,384,123
B+E_rank,13,2.3122,67.41,21.5620,0.9947,1,256,384,123
B+W_rank,5,1.5007,163.63,20.7299,0.9938,1,256,384,123
B+SE_rank,12,2.4644,70.68,21.1067,0.9939,1,256,384,123
B+E_rank,14,2.3122,67.41,21.4821,0.9948,1,256,384,123
B+W_rank,6,1.5007,163.63,21.0203,0.9941,1,256,384,123
B+E_rank,15,2.3122,67.41,21.2301,0.9943,1,256,384,123
B+SE_rank,13,2.4644,70.68,21.5193,0.9939,1,256,384,123
B0_rank,0,2.5302,70.99,19.7320,0.9917,1,256,384,123
B+W_rank,7,1.5007,163.63,20.7991,0.9939,1,256,384,123
B+E_rank,16,2.3122,67.41,21.3478,0.9944,1,256,384,123
B+SE_rank,14,2.4644,70.68,19.8047,0.9924,1,256,384,123
B0_rank,1,2.5302,70.99,20.7009,0.9922,1,256,384,123
B+W_rank,8,1.5007,163.63,21.0270,0.9941,1,256,384,123
B+E_rank,17,2.3122,67.41,21.6192,0.9942,1,256,384,123
B+SE_rank,15,2.4644,70.68,21.3200,0.9950,1,256,384,123
B0_rank,2,2.5302,70.99,20.3898,0.9928,1,256,384,123
B+W_rank,9,1.5007,163.63,20.7411,0.9942,1,256,384,123
B+E_rank,18,2.3122,67.41,21.3069,0.9949,1,256,384,123
B+SE_rank,16,2.4644,70.68,21.4725,0.9947,1,256,384,123
B0_rank,3,2.5302,70.99,20.7891,0.9935,1,256,384,123
B+W_rank,10,1.5007,163.63,19.5764,0.9927,1,256,384,123
B+E_rank,19,2.3122,67.41,21.5294,0.9935,1,256,384,123
B+SE_rank,17,2.4644,70.68,21.0126,0.9943,1,256,384,123
B+W_rank,11,1.5007,163.63,19.3775,0.9918,1,256,384,123
B0_rank,4,2.5302,70.99,20.4278,0.9935,1,256,384,123
B+E_rank,20,2.3122,67.41,20.9912,0.9942,1,256,384,123
B+W_rank,12,1.5007,163.63,20.4849,0.9935,1,256,384,123
B+SE_rank,18,2.4644,70.68,21.1450,0.9943,1,256,384,123
B0_rank,5,2.5302,70.99,20.7800,0.9938,1,256,384,123
B+E_rank,21,2.3122,67.41,21.0954,0.9926,1,256,384,123
B+W_rank,13,1.5007,163.63,20.2329,0.9930,1,256,384,123
B+SE_rank,19,2.4644,70.68,21.2293,0.9939,1,256,384,123
B0_rank,6,2.5302,70.99,19.2647,0.9898,1,256,384,123
B+E_rank,22,2.3122,67.41,22.1478,0.9951,1,256,384,123
B+W_rank,14,1.5007,163.63,20.4375,0.9933,1,256,384,123
B0_rank,7,2.5302,70.99,21.0695,0.9938,1,256,384,123
B+SE_rank,20,2.4644,70.68,21.5171,0.9940,1,256,384,123
B+E_rank,23,2.3122,67.41,21.0292,0.9926,1,256,384,123
B+W_rank,15,1.5007,163.63,19.1791,0.9913,1,256,384,123
B0_rank,8,2.5302,70.99,20.9978,0.9939,1,256,384,123
B+SE_rank,21,2.4644,70.68,21.1890,0.9938,1,256,384,123
B+W_rank,16,1.5007,163.63,20.9019,0.9942,1,256,384,123
B+E_rank,24,2.3122,67.41,21.5963,0.9940,1,256,384,123
B0_rank,9,2.5302,70.99,21.4371,0.9943,1,256,384,123
B+SE_rank,22,2.4644,70.68,20.1577,0.9923,1,256,384,123
B+W_rank,17,1.5007,163.63,20.3822,0.9930,1,256,384,123
B+E_rank,25,2.3122,67.41,20.6768,0.9862,1,256,384,123
B0_rank,10,2.5302,70.99,21.4508,0.9944,1,256,384,123
B+SE_rank,23,2.4644,70.68,21.9680,0.9948,1,256,384,123
B+W_rank,18,1.5007,163.63,21.1175,0.9936,1,256,384,123
B+E_rank,26,2.3122,67.41,21.7627,0.9946,1,256,384,123
B0_rank,11,2.5302,70.99,21.4886,0.9949,1,256,384,123
B+W_rank,19,1.5007,163.63,21.3021,0.9931,1,256,384,123
B+SE_rank,24,2.4644,70.68,21.0448,0.9938,1,256,384,123
B+E_rank,27,2.3122,67.41,20.9428,0.9931,1,256,384,123
B+W_rank,20,1.5007,163.63,21.3473,0.9947,1,256,384,123
B0_rank,12,2.5302,70.99,20.9664,0.9937,1,256,384,123
B+SE_rank,25,2.4644,70.68,21.6861,0.9939,1,256,384,123
B+E_rank,28,2.3122,67.41,21.5143,0.9941,1,256,384,123
B+W_rank,21,1.5007,163.63,21.4863,0.9950,1,256,384,123
B0_rank,13,2.5302,70.99,21.8626,0.9935,1,256,384,123
B+E_rank,29,2.3122,67.41,21.7059,0.9951,1,256,384,123
B+SE_rank,26,2.4644,70.68,21.1790,0.9936,1,256,384,123
B+W_rank,22,1.5007,163.63,21.5151,0.9935,1,256,384,123
B0_rank,14,2.5302,70.99,21.0324,0.9929,1,256,384,123
B+E_rank,30,2.3122,67.41,22.1378,0.9945,1,256,384,123
B+SE_rank,27,2.4644,70.68,20.4465,0.9933,1,256,384,123
B+W_rank,23,1.5007,163.63,21.6476,0.9946,1,256,384,123
B0_rank,15,2.5302,70.99,21.3577,0.9943,1,256,384,123
B+E_rank,31,2.3122,67.41,21.7938,0.9950,1,256,384,123
B+SE_rank,28,2.4644,70.68,21.8618,0.9941,1,256,384,123
B+W_rank,24,1.5007,163.63,21.4052,0.9950,1,256,384,123
B0_rank,16,2.5302,70.99,21.8570,0.9948,1,256,384,123
B+E_rank,32,2.3122,67.41,21.5696,0.9952,1,256,384,123
B+W_rank,25,1.5007,163.63,21.9314,0.9942,1,256,384,123
B+SE_rank,29,2.4644,70.68,20.9924,0.9940,1,256,384,123
B0_rank,17,2.5302,70.99,20.0486,0.9927,1,256,384,123
B+E_rank,33,2.3122,67.41,21.1259,0.9941,1,256,384,123
B+W_rank,26,1.5007,163.63,21.8908,0.9950,1,256,384,123
B+SE_rank,30,2.4644,70.68,21.6747,0.9949,1,256,384,123
B0_rank,18,2.5302,70.99,20.3080,0.9933,1,256,384,123
B+E_rank,34,2.3122,67.41,21.7107,0.9950,1,256,384,123
B+W_rank,27,1.5007,163.63,22.0268,0.9950,1,256,384,123
B+SE_rank,31,2.4644,70.68,21.6518,0.9945,1,256,384,123
B0_rank,19,2.5302,70.99,21.8364,0.9949,1,256,384,123
B+E_rank,35,2.3122,67.41,21.6174,0.9951,1,256,384,123
B+W_rank,28,1.5007,163.63,21.2094,0.9950,1,256,384,123
B+SE_rank,32,2.4644,70.68,21.1054,0.9944,1,256,384,123
B0_rank,20,2.5302,70.99,21.5064,0.9946,1,256,384,123
B+W_rank,29,1.5007,163.63,21.6920,0.9948,1,256,384,123
B+E_rank,36,2.3122,67.41,21.3965,0.9948,1,256,384,123
B+SE_rank,33,2.4644,70.68,21.6966,0.9946,1,256,384,123
B+W_rank,30,1.5007,163.63,22.3448,0.9952,1,256,384,123
B0_rank,21,2.5302,70.99,22.1764,0.9949,1,256,384,123
B+E_rank,37,2.3122,67.41,21.5406,0.9948,1,256,384,123
B+SE_rank,34,2.4644,70.68,21.5379,0.9947,1,256,384,123
B+W_rank,31,1.5007,163.63,22.0093,0.9954,1,256,384,123
B0_rank,22,2.5302,70.99,21.9443,0.9948,1,256,384,123
B+E_rank,38,2.3122,67.41,21.8036,0.9950,1,256,384,123
B+W_rank,32,1.5007,163.63,21.6362,0.9947,1,256,384,123
B+SE_rank,35,2.4644,70.68,21.5682,0.9950,1,256,384,123
B0_rank,23,2.5302,70.99,21.6879,0.9946,1,256,384,123
B+E_rank,39,2.3122,67.41,21.2092,0.9944,1,256,384,123
B+W_rank,33,1.5007,163.63,20.5379,0.9929,1,256,384,123
B+SE_rank,36,2.4644,70.68,21.5629,0.9945,1,256,384,123
B+E_rank,40,2.3122,67.41,22.0533,0.9955,1,256,384,123
B0_rank,24,2.5302,70.99,21.2315,0.9935,1,256,384,123
B+W_rank,34,1.5007,163.63,21.6156,0.9948,1,256,384,123
B+E_rank,41,2.3122,67.41,22.1317,0.9953,1,256,384,123
B+SE_rank,37,2.4644,70.68,21.6752,0.9948,1,256,384,123
B0_rank,25,2.5302,70.99,21.9797,0.9951,1,256,384,123
B+W_rank,35,1.5007,163.63,21.7019,0.9947,1,256,384,123
B+E_rank,42,2.3122,67.41,21.8566,0.9953,1,256,384,123
B0_rank,26,2.5302,70.99,21.5604,0.9936,1,256,384,123
B+SE_rank,38,2.4644,70.68,21.2101,0.9945,1,256,384,123
B+W_rank,36,1.5007,163.63,21.5365,0.9945,1,256,384,123
B+E_rank,43,2.3122,67.41,21.7568,0.9951,1,256,384,123
B0_rank,27,2.5302,70.99,21.6440,0.9945,1,256,384,123
B+SE_rank,39,2.4644,70.68,21.8795,0.9951,1,256,384,123
B+W_rank,37,1.5007,163.63,22.1587,0.9954,1,256,384,123
B+E_rank,44,2.3122,67.41,21.8577,0.9953,1,256,384,123
B0_rank,28,2.5302,70.99,22.1296,0.9951,1,256,384,123
B+SE_rank,40,2.4644,70.68,21.6103,0.9950,1,256,384,123
B+W_rank,38,1.5007,163.63,22.0544,0.9952,1,256,384,123
B+E_rank,45,2.3122,67.41,21.9885,0.9950,1,256,384,123
B0_rank,29,2.5302,70.99,21.7421,0.9948,1,256,384,123
B+W_rank,39,1.5007,163.63,22.0970,0.9956,1,256,384,123
B+SE_rank,41,2.4644,70.68,21.7578,0.9949,1,256,384,123
B+E_rank,46,2.3122,67.41,21.3432,0.9944,1,256,384,123
B+W_rank,40,1.5007,163.63,21.9788,0.9950,1,256,384,123
B0_rank,30,2.5302,70.99,21.7973,0.9951,1,256,384,123
B+SE_rank,42,2.4644,70.68,21.5938,0.9946,1,256,384,123
B+E_rank,47,2.3122,67.41,22.1872,0.9956,1,256,384,123
B+W_rank,41,1.5007,163.63,22.4824,0.9955,1,256,384,123
B0_rank,31,2.5302,70.99,21.9680,0.9949,1,256,384,123
B+SE_rank,43,2.4644,70.68,21.5970,0.9947,1,256,384,123
B+E_rank,48,2.3122,67.41,22.4289,0.9958,1,256,384,123
B+W_rank,42,1.5007,163.63,21.7068,0.9944,1,256,384,123
B0_rank,32,2.5302,70.99,21.2988,0.9942,1,256,384,123
B+SE_rank,44,2.4644,70.68,21.5518,0.9941,1,256,384,123
B+W_rank,43,1.5007,163.63,22.0687,0.9953,1,256,384,123
B+E_rank,49,2.3122,67.41,22.2694,0.9953,1,256,384,123
B0_rank,33,2.5302,70.99,21.5282,0.9941,1,256,384,123
B+SE_rank,45,2.4644,70.68,22.0850,0.9951,1,256,384,123
B+W_rank,44,1.5007,163.63,22.3159,0.9953,1,256,384,123
B+E_rank,50,2.3122,67.41,22.1374,0.9954,1,256,384,123
B0_rank,34,2.5302,70.99,22.0491,0.9948,1,256,384,123
B+SE_rank,46,2.4644,70.68,21.9405,0.9950,1,256,384,123
B+W_rank,45,1.5007,163.63,22.1108,0.9955,1,256,384,123
B+E_rank,51,2.3122,67.41,21.8702,0.9953,1,256,384,123
B0_rank,35,2.5302,70.99,21.5917,0.9941,1,256,384,123
B+W_rank,46,1.5007,163.63,21.6655,0.9946,1,256,384,123
B+SE_rank,47,2.4644,70.68,21.6559,0.9949,1,256,384,123
B+E_rank,52,2.3122,67.41,22.2055,0.9954,1,256,384,123
B0_rank,36,2.5302,70.99,21.7758,0.9948,1,256,384,123
B+W_rank,47,1.5007,163.63,21.8218,0.9947,1,256,384,123
B+SE_rank,48,2.4644,70.68,21.9017,0.9951,1,256,384,123
B+E_rank,53,2.3122,67.41,22.1089,0.9952,1,256,384,123
B0_rank,37,2.5302,70.99,21.6616,0.9949,1,256,384,123
B+W_rank,48,1.5007,163.63,22.1112,0.9954,1,256,384,123
B+E_rank,54,2.3122,67.41,22.2580,0.9956,1,256,384,123
B+SE_rank,49,2.4644,70.68,22.2501,0.9955,1,256,384,123
B0_rank,38,2.5302,70.99,21.7851,0.9946,1,256,384,123
B+W_rank,49,1.5007,163.63,21.7920,0.9950,1,256,384,123
B+E_rank,55,2.3122,67.41,22.0173,0.9951,1,256,384,123
B+SE_rank,50,2.4644,70.68,21.9707,0.9950,1,256,384,123
B+W_rank,50,1.5007,163.63,21.9415,0.9952,1,256,384,123
B0_rank,39,2.5302,70.99,22.1739,0.9952,1,256,384,123
B+E_rank,56,2.3122,67.41,22.1160,0.9954,1,256,384,123
B+SE_rank,51,2.4644,70.68,21.8722,0.9948,1,256,384,123
B+W_rank,51,1.5007,163.63,21.5906,0.9950,1,256,384,123
B0_rank,40,2.5302,70.99,22.2015,0.9951,1,256,384,123
B+E_rank,57,2.3122,67.41,22.5039,0.9955,1,256,384,123
B+W_rank,52,1.5007,163.63,21.7740,0.9950,1,256,384,123
B+SE_rank,52,2.4644,70.68,21.8945,0.9953,1,256,384,123
B0_rank,41,2.5302,70.99,20.3983,0.9943,1,256,384,123
B+E_rank,58,2.3122,67.41,22.5524,0.9957,1,256,384,123
B+W_rank,53,1.5007,163.63,22.4753,0.9956,1,256,384,123
B+SE_rank,53,2.4644,70.68,21.7627,0.9949,1,256,384,123
B0_rank,42,2.5302,70.99,22.2030,0.9948,1,256,384,123
B+E_rank,59,2.3122,67.41,21.7776,0.9951,1,256,384,123
B+W_rank,54,1.5007,163.63,22.2897,0.9951,1,256,384,123
B+SE_rank,54,2.4644,70.68,17.2927,0.9882,1,256,384,123
B0_rank,43,2.5302,70.99,22.1877,0.9951,1,256,384,123
B+E_rank,60,2.3122,67.41,22.4732,0.9954,1,256,384,123
B+W_rank,55,1.5007,163.63,22.0170,0.9951,1,256,384,123
B+SE_rank,55,2.4644,70.68,22.4824,0.9955,1,256,384,123
B0_rank,44,2.5302,70.99,21.8180,0.9947,1,256,384,123
B+W_rank,56,1.5007,163.63,22.4206,0.9957,1,256,384,123
B+E_rank,61,2.3122,67.41,22.1285,0.9954,1,256,384,123
B+SE_rank,56,2.4644,70.68,21.6346,0.9953,1,256,384,123
B0_rank,45,2.5302,70.99,22.2538,0.9952,1,256,384,123
B+W_rank,57,1.5007,163.63,21.9406,0.9951,1,256,384,123
B+E_rank,62,2.3122,67.41,22.1161,0.9954,1,256,384,123
B+SE_rank,57,2.4644,70.68,21.5298,0.9950,1,256,384,123
B0_rank,46,2.5302,70.99,22.0829,0.9952,1,256,384,123
B+W_rank,58,1.5007,163.63,21.8423,0.9953,1,256,384,123
B+E_rank,63,2.3122,67.41,21.5296,0.9950,1,256,384,123
B+W_rank,59,1.5007,163.63,22.1344,0.9952,1,256,384,123
B+SE_rank,58,2.4644,70.68,21.4892,0.9951,1,256,384,123
B0_rank,47,2.5302,70.99,22.0814,0.9949,1,256,384,123
B+E_rank,64,2.3122,67.41,22.1547,0.9958,1,256,384,123
B+W_rank,60,1.5007,163.63,21.6266,0.9953,1,256,384,123
B0_rank,48,2.5302,70.99,22.3800,0.9949,1,256,384,123
B+SE_rank,59,2.4644,70.68,22.2467,0.9954,1,256,384,123
B+E_rank,65,2.3122,67.41,22.1920,0.9953,1,256,384,123
B+W_rank,61,1.5007,163.63,21.8370,0.9950,1,256,384,123
B0_rank,49,2.5302,70.99,22.0910,0.9947,1,256,384,123
B+SE_rank,60,2.4644,70.68,21.8361,0.9951,1,256,384,123
B+E_rank,66,2.3122,67.41,22.2349,0.9952,1,256,384,123
B+W_rank,62,1.5007,163.63,21.9537,0.9954,1,256,384,123
B0_rank,50,2.5302,70.99,22.2257,0.9954,1,256,384,123
B+E_rank,67,2.3122,67.41,21.9207,0.9955,1,256,384,123
B+SE_rank,61,2.4644,70.68,22.2110,0.9955,1,256,384,123
B+W_rank,63,1.5007,163.63,22.2143,0.9953,1,256,384,123
B0_rank,51,2.5302,70.99,22.1394,0.9949,1,256,384,123
B+E_rank,68,2.3122,67.41,21.9510,0.9955,1,256,384,123
B+SE_rank,62,2.4644,70.68,22.5538,0.9952,1,256,384,123
B+W_rank,64,1.5007,163.63,22.0430,0.9955,1,256,384,123
B0_rank,52,2.5302,70.99,22.5514,0.9955,1,256,384,123
B+E_rank,69,2.3122,67.41,21.4516,0.9953,1,256,384,123
B+SE_rank,63,2.4644,70.68,22.3520,0.9953,1,256,384,123
B+W_rank,65,1.5007,163.63,22.2510,0.9955,1,256,384,123
B0_rank,53,2.5302,70.99,22.1048,0.9945,1,256,384,123
B+E_rank,70,2.3122,67.41,22.2691,0.9955,1,256,384,123
B+W_rank,66,1.5007,163.63,22.0613,0.9955,1,256,384,123
B+SE_rank,64,2.4644,70.68,22.1712,0.9954,1,256,384,123
B0_rank,54,2.5302,70.99,21.8698,0.9949,1,256,384,123
B+E_rank,71,2.3122,67.41,22.4475,0.9956,1,256,384,123
B+W_rank,67,1.5007,163.63,22.3559,0.9955,1,256,384,123
B+SE_rank,65,2.4644,70.68,21.9995,0.9953,1,256,384,123
B+W_rank,68,1.5007,163.63,22.0860,0.9955,1,256,384,123
B+E_rank,72,2.3122,67.41,22.3353,0.9955,1,256,384,123
B0_rank,55,2.5302,70.99,22.1660,0.9953,1,256,384,123
B+SE_rank,66,2.4644,70.68,22.4240,0.9952,1,256,384,123
B+W_rank,69,1.5007,163.63,22.3403,0.9955,1,256,384,123
B+E_rank,73,2.3122,67.41,22.3671,0.9953,1,256,384,123
B0_rank,56,2.5302,70.99,22.1331,0.9947,1,256,384,123
B+SE_rank,67,2.4644,70.68,22.5558,0.9953,1,256,384,123
B+W_rank,70,1.5007,163.63,22.2086,0.9956,1,256,384,123
B+E_rank,74,2.3122,67.41,22.1936,0.9955,1,256,384,123
B0_rank,57,2.5302,70.99,21.1180,0.9940,1,256,384,123
B+SE_rank,68,2.4644,70.68,22.0530,0.9957,1,256,384,123
B+W_rank,71,1.5007,163.63,22.4226,0.9957,1,256,384,123
B+E_rank,75,2.3122,67.41,22.7036,0.9956,1,256,384,123
B0_rank,58,2.5302,70.99,22.4255,0.9954,1,256,384,123
B+SE_rank,69,2.4644,70.68,22.1248,0.9952,1,256,384,123
B+W_rank,72,1.5007,163.63,22.6261,0.9957,1,256,384,123
B+E_rank,76,2.3122,67.41,22.1913,0.9956,1,256,384,123
B0_rank,59,2.5302,70.99,22.0786,0.9951,1,256,384,123
B+W_rank,73,1.5007,163.63,22.0718,0.9955,1,256,384,123
B+SE_rank,70,2.4644,70.68,21.9878,0.9956,1,256,384,123
B+E_rank,77,2.3122,67.41,21.9899,0.9954,1,256,384,123
B0_rank,60,2.5302,70.99,22.5295,0.9955,1,256,384,123
B+W_rank,74,1.5007,163.63,21.7837,0.9953,1,256,384,123
B+SE_rank,71,2.4644,70.68,22.2955,0.9954,1,256,384,123
B+E_rank,78,2.3122,67.41,21.5302,0.9952,1,256,384,123
B0_rank,61,2.5302,70.99,22.2521,0.9950,1,256,384,123
B+W_rank,75,1.5007,163.63,22.2215,0.9955,1,256,384,123
B+SE_rank,72,2.4644,70.68,22.4097,0.9956,1,256,384,123
B+E_rank,79,2.3122,67.41,22.3902,0.9955,1,256,384,123
B0_rank,62,2.5302,70.99,22.3637,0.9949,1,256,384,123
B+W_rank,76,1.5007,163.63,20.7612,0.9938,1,256,384,123
B+SE_rank,73,2.4644,70.68,22.5204,0.9954,1,256,384,123
B+E_rank,80,2.3122,67.41,21.8396,0.9952,1,256,384,123
B0_rank,63,2.5302,70.99,22.3049,0.9952,1,256,384,123
B+W_rank,77,1.5007,163.63,22.1147,0.9954,1,256,384,123
B+E_rank,81,2.3122,67.41,22.5032,0.9956,1,256,384,123
B+SE_rank,74,2.4644,70.68,22.5327,0.9952,1,256,384,123
B+W_rank,78,1.5007,163.63,22.4073,0.9957,1,256,384,123
B0_rank,64,2.5302,70.99,22.1772,0.9948,1,256,384,123
B+E_rank,82,2.3122,67.41,22.0878,0.9955,1,256,384,123
B+W_rank,79,1.5007,163.63,21.7835,0.9952,1,256,384,123
B+SE_rank,75,2.4644,70.68,22.3853,0.9956,1,256,384,123
B0_rank,65,2.5302,70.99,22.5860,0.9953,1,256,384,123
B+W_rank,80,1.5007,163.63,22.2402,0.9958,1,256,384,123
B+E_rank,83,2.3122,67.41,22.3358,0.9955,1,256,384,123
B+SE_rank,76,2.4644,70.68,22.4750,0.9955,1,256,384,123
B0_rank,66,2.5302,70.99,22.5617,0.9954,1,256,384,123
B+W_rank,81,1.5007,163.63,22.1280,0.9958,1,256,384,123
B+E_rank,84,2.3122,67.41,22.4287,0.9955,1,256,384,123
B+SE_rank,77,2.4644,70.68,22.3950,0.9954,1,256,384,123
B0_rank,67,2.5302,70.99,22.6900,0.9955,1,256,384,123
B+W_rank,82,1.5007,163.63,22.1367,0.9955,1,256,384,123
B+E_rank,85,2.3122,67.41,22.2763,0.9955,1,256,384,123
B+SE_rank,78,2.4644,70.68,22.2797,0.9956,1,256,384,123
B0_rank,68,2.5302,70.99,22.2631,0.9949,1,256,384,123
B+W_rank,83,1.5007,163.63,22.3047,0.9957,1,256,384,123
B+E_rank,86,2.3122,67.41,22.5906,0.9957,1,256,384,123
B0_rank,69,2.5302,70.99,22.0669,0.9952,1,256,384,123
B+SE_rank,79,2.4644,70.68,22.8100,0.9954,1,256,384,123
B+W_rank,84,1.5007,163.63,22.1471,0.9956,1,256,384,123
B+E_rank,87,2.3122,67.41,22.5274,0.9956,1,256,384,123
B0_rank,70,2.5302,70.99,22.3863,0.9952,1,256,384,123
B+SE_rank,80,2.4644,70.68,22.5874,0.9957,1,256,384,123
B+W_rank,85,1.5007,163.63,22.2050,0.9959,1,256,384,123
B+E_rank,88,2.3122,67.41,22.4809,0.9956,1,256,384,123
B+W_rank,86,1.5007,163.63,22.1943,0.9956,1,256,384,123
B0_rank,71,2.5302,70.99,22.3526,0.9954,1,256,384,123
B+SE_rank,81,2.4644,70.68,22.9016,0.9958,1,256,384,123
B+E_rank,89,2.3122,67.41,22.4269,0.9956,1,256,384,123
B+W_rank,87,1.5007,163.63,22.2607,0.9955,1,256,384,123
B0_rank,72,2.5302,70.99,22.2291,0.9951,1,256,384,123
B+SE_rank,82,2.4644,70.68,22.5995,0.9956,1,256,384,123
B+E_rank,90,2.3122,67.41,22.4500,0.9957,1,256,384,123
B+W_rank,88,1.5007,163.63,22.1568,0.9955,1,256,384,123
B0_rank,73,2.5302,70.99,22.7414,0.9955,1,256,384,123
B+SE_rank,83,2.4644,70.68,22.2433,0.9954,1,256,384,123
B+E_rank,91,2.3122,67.41,22.5105,0.9957,1,256,384,123
B+W_rank,89,1.5007,163.63,22.2318,0.9957,1,256,384,123
B0_rank,74,2.5302,70.99,22.3413,0.9954,1,256,384,123
B+SE_rank,84,2.4644,70.68,22.6744,0.9959,1,256,384,123
B+E_rank,92,2.3122,67.41,22.4461,0.9957,1,256,384,123
B+W_rank,90,1.5007,163.63,22.1667,0.9956,1,256,384,123
B0_rank,75,2.5302,70.99,22.7352,0.9954,1,256,384,123
B+SE_rank,85,2.4644,70.68,22.5578,0.9957,1,256,384,123
B+E_rank,93,2.3122,67.41,22.5423,0.9957,1,256,384,123
B+W_rank,91,1.5007,163.63,22.3228,0.9957,1,256,384,123
B0_rank,76,2.5302,70.99,22.5385,0.9953,1,256,384,123
B+SE_rank,86,2.4644,70.68,22.6004,0.9957,1,256,384,123
B+W_rank,92,1.5007,163.63,22.1635,0.9957,1,256,384,123
B+E_rank,94,2.3122,67.41,22.5405,0.9957,1,256,384,123
B0_rank,77,2.5302,70.99,22.4177,0.9952,1,256,384,123
B+W_rank,93,1.5007,163.63,22.1869,0.9956,1,256,384,123
B+E_rank,95,2.3122,67.41,22.4615,0.9957,1,256,384,123
B+SE_rank,87,2.4644,70.68,22.6275,0.9958,1,256,384,123
B0_rank,78,2.5302,70.99,22.6568,0.9956,1,256,384,123
B+W_rank,94,1.5007,163.63,22.2785,0.9957,1,256,384,123
B+E_rank,96,2.3122,67.41,22.5322,0.9958,1,256,384,123
B+SE_rank,88,2.4644,70.68,22.5361,0.9958,1,256,384,123
B0_rank,79,2.5302,70.99,22.5082,0.9955,1,256,384,123
B+W_rank,95,1.5007,163.63,22.1791,0.9956,1,256,384,123
B+E_rank,97,2.3122,67.41,22.5052,0.9957,1,256,384,123
B+SE_rank,89,2.4644,70.68,22.4520,0.9957,1,256,384,123
B+W_rank,96,1.5007,163.63,22.2098,0.9956,1,256,384,123
B0_rank,80,2.5302,70.99,22.1647,0.9952,1,256,384,123
B+E_rank,98,2.3122,67.41,22.4673,0.9957,1,256,384,123
B+SE_rank,90,2.4644,70.68,22.5631,0.9958,1,256,384,123
B+W_rank,97,1.5007,163.63,22.2512,0.9956,1,256,384,123
B0_rank,81,2.5302,70.99,22.5957,0.9954,1,256,384,123
B+E_rank,99,2.3122,67.41,22.5704,0.9957,1,256,384,123
B+SE_rank,91,2.4644,70.68,22.5426,0.9957,1,256,384,123
B+W_rank,98,1.5007,163.63,22.2796,0.9956,1,256,384,123
B0_rank,82,2.5302,70.99,22.4701,0.9953,1,256,384,123
B+E_rank,100,2.3122,67.41,22.5511,0.9957,1,256,384,123
B+W_rank,99,1.5007,163.63,22.2519,0.9956,1,256,384,123
B+SE_rank,92,2.4644,70.68,22.6849,0.9957,1,256,384,123
B0_rank,83,2.5302,70.99,22.7016,0.9955,1,256,384,123
B+W_rank,100,1.5007,163.63,22.2438,0.9956,1,256,384,123
B+SE_rank,93,2.4644,70.68,22.4644,0.9957,1,256,384,123
B0_rank,84,2.5302,70.99,22.5378,0.9952,1,256,384,123
B+SE_rank,94,2.4644,70.68,22.6331,0.9958,1,256,384,123
B0_rank,85,2.5302,70.99,22.5977,0.9954,1,256,384,123
B+SE_rank,95,2.4644,70.68,22.5623,0.9957,1,256,384,123
B0_rank,86,2.5302,70.99,22.5118,0.9954,1,256,384,123
B+SE_rank,96,2.4644,70.68,22.4731,0.9957,1,256,384,123
B0_rank,87,2.5302,70.99,22.4123,0.9956,1,256,384,123
B+SE_rank,97,2.4644,70.68,22.5252,0.9957,1,256,384,123
B0_rank,88,2.5302,70.99,22.5280,0.9956,1,256,384,123
B+SE_rank,98,2.4644,70.68,22.5284,0.9957,1,256,384,123
B0_rank,89,2.5302,70.99,22.7060,0.9954,1,256,384,123
B+SE_rank,99,2.4644,70.68,22.5199,0.9957,1,256,384,123
B0_rank,90,2.5302,70.99,22.5188,0.9954,1,256,384,123
B+SE_rank,100,2.4644,70.68,22.4852,0.9957,1,256,384,123
B0_rank,91,2.5302,70.99,22.4548,0.9955,1,256,384,123
B0_rank,92,2.5302,70.99,22.5021,0.9954,1,256,384,123
B0_rank,93,2.5302,70.99,22.5728,0.9954,1,256,384,123
B0_rank,94,2.5302,70.99,22.6172,0.9954,1,256,384,123
B0_rank,95,2.5302,70.99,22.6325,0.9954,1,256,384,123
B0_rank,96,2.5302,70.99,22.5486,0.9954,1,256,384,123
B0_rank,97,2.5302,70.99,22.4534,0.9954,1,256,384,123
B0_rank,98,2.5302,70.99,22.5304,0.9954,1,256,384,123
B0_rank,99,2.5302,70.99,22.5424,0.9953,1,256,384,123
B0_rank,100,2.5302,70.99,22.5149,0.9954,1,256,384,123
